{
	"camera_data":
	{
		"location_worldframe": [ 47.476898193359375, 3176.3115234375, 148.16990661621094 ],
		"quaternion_xyzw_worldframe": [ 0.12780000269412994, 0.0088999997824430466, -0.98930001258850098, 0.069200001657009125 ]
	},
	"objects": [
		{
			"class": "019_pitcher_base_16k",
			"visibility": 1,
			"location": [ 3.6960000991821289, -0.21250000596046448, 44.830898284912109 ],
			"quaternion_xyzw": [ 0.34830000996589661, 0.74620002508163452, -0.27820000052452087, 0.49439999461174011 ],
			"pose_transform_permuted": [
				[ 0.54400002956390381, -0.75970000028610229, -0.3562999963760376, 0 ],
				[ -0.26840001344680786, 0.24480000138282776, -0.93169999122619629, 0 ],
				[ -0.79500001668930054, -0.60250002145767212, 0.070699997246265411, 0 ],
				[ 3.6960000991821289, -0.21250000596046448, 44.830898284912109, 1 ]
			],
			"cuboid_centroid": [ 3.6960000991821289, -0.21240000426769257, 44.830799102783203 ],
			"projected_cuboid_centroid": [ 543.3212890625, 266.360107421875 ],
			"bounding_box":
			{
				"top_left": [ 52.055801391601563, 293.5404052734375 ],
				"bottom_right": [ 492.02301025390625, 774.05810546875 ]
			},
			"cuboid": [
				[ -4.8491001129150391, -10.261799812316895, 34.530200958251953 ],
				[ 0.21359999477863312, -14.878499984741211, 52.103500366210938 ],
				[ 19.482700347900391, -0.27450001239776611, 50.388900756835938 ],
				[ 14.419899940490723, 4.3421001434326172, 32.815601348876953 ],
				[ -12.09060001373291, -0.15029999613761902, 39.272800445556641 ],
				[ -7.0275998115539551, -4.7670001983642578, 56.846199035644531 ],
				[ 12.241499900817871, 9.8368997573852539, 55.131500244140625 ],
				[ 7.1786999702453613, 14.45359992980957, 37.558200836181641 ]
			],
			"projected_cuboid": [
				[ 372.11911010742188, 41.715499877929688 ],
				[ 483.13980102539063, 50.647201538085938 ],
				[ 777.0006103515625, 265.81478881835938 ],
				[ 817.5394287109375, 371.6427001953125 ],
				[ 243.51170349121094, 267.05960083007813 ],
				[ 385.02749633789063, 205.58369445800781 ],
				[ 650.55377197265625, 407.06060791015625 ],
				[ 626.81591796875, 565.614013671875 ]
			]
		}
	]
}