{
	"camera_data":
	{
		"location_worldframe": [ 48.311798095703125, 3170.3701171875, 148.16990661621094 ],
		"quaternion_xyzw_worldframe": [ 0.12780000269412994, 0.0088999997824430466, -0.98930001258850098, 0.069200001657009125 ]
	},
	"objects": [
		{
			"class": "019_pitcher_base_16k",
			"visibility": 1,
			"location": [ -2.3043999671936035, -0.21250000596046448, 44.830898284912109 ],
			"quaternion_xyzw": [ 0.34830000996589661, 0.74620002508163452, -0.27820000052452087, 0.49439999461174011 ],
			"pose_transform_permuted": [
				[ 0.54400002956390381, -0.75970000028610229, -0.3562999963760376, 0 ],
				[ -0.26840001344680786, 0.24480000138282776, -0.93169999122619629, 0 ],
				[ -0.79500001668930054, -0.60250002145767212, 0.070699997246265411, 0 ],
				[ -2.3043999671936035, -0.21250000596046448, 44.830898284912109, 1 ]
			],
			"cuboid_centroid": [ -2.3043999671936035, -0.21240000426769257, 44.830898284912109 ],
			"projected_cuboid_centroid": [ 440.51840209960938, 266.35989379882813 ],
			"bounding_box":
			{
				"top_left": [ 52.055801391601563, 183.10270690917969 ],
				"bottom_right": [ 492.022705078125, 664.39862060546875 ]
			},
			"cuboid": [
				[ -10.849599838256836, -10.261799812316895, 34.530300140380859 ],
				[ -5.7869000434875488, -14.878499984741211, 52.103599548339844 ],
				[ 13.482199668884277, -0.27459999918937683, 50.388999938964844 ],
				[ 8.4194002151489258, 4.3421001434326172, 32.815601348876953 ],
				[ -18.091100692749023, -0.15039999783039093, 39.272899627685547 ],
				[ -13.02810001373291, -4.7670001983642578, 56.846199035644531 ],
				[ 6.2410001754760742, 9.8368997573852539, 55.131599426269531 ],
				[ 1.1782000064849854, 14.45359992980957, 37.558200836181641 ]
			],
			"projected_cuboid": [
				[ 238.64950561523438, 41.715499877929688 ],
				[ 394.68630981445313, 50.647098541259766 ],
				[ 685.5369873046875, 265.81460571289063 ],
				[ 677.09539794921875, 371.64230346679688 ],
				[ 126.16000366210938, 267.05938720703125 ],
				[ 303.95361328125, 205.58349609375 ],
				[ 566.95819091796875, 407.060302734375 ],
				[ 504.10629272460938, 565.61358642578125 ]
			]
		}
	]
}