{
	"camera_data":
	{
		"location_worldframe": [ -74.3927001953125, -252.04429626464844, 135.02780151367188 ],
		"quaternion_xyzw_worldframe": [ -0.10570000112056732, 0.083999998867511749, 0.77560001611709595, 0.61659997701644897 ]
	},
	"objects": [
		{
			"class": "007_tuna_fish_can_16k",
			"visibility": 1,
			"location": [ -1.8712999820709229, -4.998499870300293, 53.603900909423828 ],
			"quaternion_xyzw": [ -0.064900003373622894, 0.91369998455047607, 0.097000002861022949, -0.38929998874664307 ],
			"pose_transform_permuted": [
				[ -0.72399997711181641, 0.12669999897480011, -0.67809998989105225, 0 ],
				[ -0.68849998712539673, -0.19410000741481781, 0.69880002737045288, 0 ],
				[ 0.043000001460313797, -0.97280001640319824, -0.22779999673366547, 0 ],
				[ -1.8712999820709229, -4.998499870300293, 53.603900909423828, 1 ]
			],
			"cuboid_centroid": [ -1.8712999820709229, -4.998499870300293, 53.603900909423828 ],
			"projected_cuboid_centroid": [ 453.18270874023438, 198.36929321289063 ],
			"bounding_box":
			{
				"top_left": [ 168.02099609375, 392.210205078125 ],
				"bottom_right": [ 233.1907958984375, 516.54058837890625 ]
			},
			"cuboid": [
				[ -7.8408999443054199, -6.9179000854492188, 53.3114013671875 ],
				[ -1.9503999948501587, -5.257500171661377, 47.332298278808594 ],
				[ -2.0947000980377197, -1.9950000047683716, 48.096199035644531 ],
				[ -7.9851999282836914, -3.6554000377655029, 54.075199127197266 ],
				[ -1.6478999853134155, -8.0019998550415039, 59.111598968505859 ],
				[ 4.2425999641418457, -6.3415999412536621, 53.132499694824219 ],
				[ 4.0982999801635742, -3.0790998935699463, 53.896400451660156 ],
				[ -1.792199969291687, -4.7396001815795898, 59.875400543212891 ]
			],
			"projected_cuboid": [
				[ 367.02011108398438, 170.32000732421875 ],
				[ 448.34561157226563, 184.67550659179688 ],
				[ 446.54379272460938, 238.13650512695313 ],
				[ 366.56619262695313, 218.07269287109375 ],
				[ 458.58468627929688, 166.01300048828125 ],
				[ 541.33612060546875, 178.31660461425781 ],
				[ 538.41021728515625, 226.11430358886719 ],
				[ 457.006591796875, 209.19459533691406 ]
			]
		}
	]
}