{
	"camera_data":
	{
		"location_worldframe": [ -80.238197326660156, -253.39669799804688, 135.02780151367188 ],
		"quaternion_xyzw_worldframe": [ -0.10570000112056732, 0.083999998867511749, 0.77560001611709595, 0.61659997701644897 ]
	},
	"objects": [
		{
			"class": "007_tuna_fish_can_16k",
			"visibility": 1,
			"location": [ -7.8713998794555664, -4.998499870300293, 53.603900909423828 ],
			"quaternion_xyzw": [ -0.064900003373622894, 0.91369998455047607, 0.097000002861022949, -0.38929998874664307 ],
			"pose_transform_permuted": [
				[ -0.72399997711181641, 0.12669999897480011, -0.67809998989105225, 0 ],
				[ -0.68849998712539673, -0.19410000741481781, 0.69880002737045288, 0 ],
				[ 0.043000001460313797, -0.97280001640319824, -0.22779999673366547, 0 ],
				[ -7.8713998794555664, -4.998499870300293, 53.603900909423828, 1 ]
			],
			"cuboid_centroid": [ -7.8713998794555664, -4.998499870300293, 53.603900909423828 ],
			"projected_cuboid_centroid": [ 367.2008056640625, 198.36929321289063 ],
			"bounding_box":
			{
				"top_left": [ 168.02099609375, 303.8970947265625 ],
				"bottom_right": [ 233.1907958984375, 429.33718872070313 ]
			},
			"cuboid": [
				[ -13.840900421142578, -6.9179000854492188, 53.3114013671875 ],
				[ -7.9505000114440918, -5.257500171661377, 47.332298278808594 ],
				[ -8.0947999954223633, -1.9950000047683716, 48.096199035644531 ],
				[ -13.985199928283691, -3.6554000377655029, 54.075199127197266 ],
				[ -7.6479001045227051, -8.0019998550415039, 59.111598968505859 ],
				[ -1.7575000524520874, -6.3415999412536621, 53.132499694824219 ],
				[ -1.9018000364303589, -3.0790998935699463, 53.896400451660156 ],
				[ -7.7923002243041992, -4.7395000457763672, 59.875400543212891 ]
			],
			"projected_cuboid": [
				[ 280.56640625, 170.32000732421875 ],
				[ 350.97100830078125, 184.67550659179688 ],
				[ 350.7156982421875, 238.13650512695313 ],
				[ 281.33358764648438, 218.07260131835938 ],
				[ 380.614013671875, 166.01289367675781 ],
				[ 454.59149169921875, 178.31649780273438 ],
				[ 452.8948974609375, 226.11430358886719 ],
				[ 380.03070068359375, 209.19459533691406 ]
			]
		}
	]
}