{
	"camera_data":
	{
		"location_worldframe": [ -406.3826904296875, -190.76420593261719, 289.37118530273438 ],
		"quaternion_xyzw_worldframe": [ 0.17870000004768372, 0.047899998724460602, -0.94919997453689575, 0.25470000505447388 ]
	},
	"objects": [
		{
			"class": "035_power_drill_16k",
			"visibility": 1,
			"location": [ -0.49689999222755432, 1.7259000539779663, 77.519302368164063 ],
			"quaternion_xyzw": [ -0.21009999513626099, -0.078199997544288635, -0.051800001412630081, 0.97320002317428589 ],
			"pose_transform_permuted": [
				[ -0.13040000200271606, 0.41699999570846558, 0.89950001239776611, 0 ],
				[ 0.98240000009536743, -0.067900002002716064, 0.17389999330043793, 0 ],
				[ -0.13359999656677246, -0.90640002489089966, 0.40079998970031738, 0 ],
				[ -0.49689999222755432, 1.7259999513626099, 77.519302368164063, 1 ]
			],
			"cuboid_centroid": [ -0.49689999222755432, 1.7259000539779663, 77.519302368164063 ],
			"projected_cuboid_centroid": [ 475.07571411132813, 287.1033935546875 ],
			"bounding_box":
			{
				"top_left": [ 193.91780090332031, 376.10720825195313 ],
				"bottom_right": [ 388.03750610351563, 578.122314453125 ]
			},
			"cuboid": [
				[ 6.9381999969482422, -6.1742000579833984, 85.439201354980469 ],
				[ -11.173700332641602, -4.9228000640869141, 82.232902526855469 ],
				[ -8.6779003143310547, 12.011199951171875, 74.743698120117188 ],
				[ 9.4341001510620117, 10.759799957275391, 77.949996948242188 ],
				[ 7.6841001510620117, -8.559300422668457, 80.294898986816406 ],
				[ -10.427900314331055, -7.3077998161315918, 77.088600158691406 ],
				[ -7.9320998191833496, 9.6260995864868164, 69.599403381347656 ],
				[ 10.179900169372559, 8.374699592590332, 72.80560302734375 ]
			],
			"projected_cuboid": [
				[ 542.3795166015625, 214.48980712890625 ],
				[ 375.62289428710938, 224.01559448242188 ],
				[ 390.81460571289063, 393.44241333007813 ],
				[ 572.9678955078125, 376.03271484375 ],
				[ 553.511474609375, 188.11599731445313 ],
				[ 376.08969116210938, 197.1802978515625 ],
				[ 392.45458984375, 376.24270629882813 ],
				[ 587.406494140625, 358.36041259765625 ]
			]
		}
	]
}