{
	"camera_data":
	{
		"location_worldframe": [ -409.38641357421875, -185.57020568847656, 289.37118530273438 ],
		"quaternion_xyzw_worldframe": [ 0.17870000004768372, 0.047899998724460602, -0.94919997453689575, 0.25470000505447388 ]
	},
	"objects": [
		{
			"class": "035_power_drill_16k",
			"visibility": 1,
			"location": [ 5.5029997825622559, 1.7259000539779663, 77.519401550292969 ],
			"quaternion_xyzw": [ -0.21009999513626099, -0.078199997544288635, -0.051800001412630081, 0.97320002317428589 ],
			"pose_transform_permuted": [
				[ -0.13040000200271606, 0.41699999570846558, 0.89950001239776611, 0 ],
				[ 0.98240000009536743, -0.067900002002716064, 0.17389999330043793, 0 ],
				[ -0.13359999656677246, -0.90640002489089966, 0.40079998970031738, 0 ],
				[ 5.5029997825622559, 1.7259999513626099, 77.519401550292969, 1 ]
			],
			"cuboid_centroid": [ 5.5029997825622559, 1.7259000539779663, 77.519401550292969 ],
			"projected_cuboid_centroid": [ 534.53131103515625, 287.1033935546875 ],
			"bounding_box":
			{
				"top_left": [ 193.91789245605469, 433.93771362304688 ],
				"bottom_right": [ 388.03750610351563, 639.194091796875 ]
			},
			"cuboid": [
				[ 12.938199996948242, -6.1742000579833984, 85.439300537109375 ],
				[ -5.173799991607666, -4.9228000640869141, 82.233001708984375 ],
				[ -2.6779999732971191, 12.011199951171875, 74.743698120117188 ],
				[ 15.434000015258789, 10.759799957275391, 77.949996948242188 ],
				[ 13.684100151062012, -8.559300422668457, 80.294998168945313 ],
				[ -4.4278998374938965, -7.3077998161315918, 77.088699340820313 ],
				[ -1.9321000576019287, 9.6260995864868164, 69.599502563476563 ],
				[ 16.179899215698242, 8.374699592590332, 72.805702209472656 ]
			],
			"projected_cuboid": [
				[ 596.32373046875, 214.48989868164063 ],
				[ 431.67050170898438, 224.01570129394531 ],
				[ 452.47799682617188, 393.44229125976563 ],
				[ 632.094970703125, 376.0325927734375 ],
				[ 610.91180419921875, 188.11599731445313 ],
				[ 435.87741088867188, 197.1802978515625 ],
				[ 458.67581176757813, 376.24270629882813 ],
				[ 650.71148681640625, 358.36029052734375 ]
			]
		}
	]
}