{
	"camera_data":
	{
		"location_worldframe": [ -469.03799438476563, -468.15350341796875, 190.12519836425781 ],
		"quaternion_xyzw_worldframe": [ -0.65719997882843018, 0.06549999862909317, 0.74720001220703125, 0.074400000274181366 ]
	},
	"objects": [
		{
			"class": "008_pudding_box_16k",
			"visibility": 1,
			"location": [ 2.0136001110076904, 3.9765999317169189, 53.113201141357422 ],
			"quaternion_xyzw": [ -0.29620000720024109, 0.95010000467300415, 0.075400002300739288, -0.062199998646974564 ],
			"pose_transform_permuted": [
				[ -0.16290000081062317, 0.10639999806880951, -0.98089998960494995, 0 ],
				[ -0.81679999828338623, -0.57220000028610229, 0.073600001633167267, 0 ],
				[ 0.55349999666213989, -0.81319999694824219, -0.18009999394416809, 0 ],
				[ 2.0136001110076904, 3.9765999317169189, 53.113201141357422, 1 ]
			],
			"cuboid_centroid": [ 2.0136001110076904, 3.9765999317169189, 53.113201141357422 ],
			"projected_cuboid_centroid": [ 509.12200927734375, 327.51260375976563 ],
			"bounding_box":
			{
				"top_left": [ 227.40890502929688, 403.19729614257813 ],
				"bottom_right": [ 433.61679077148438, 617.7489013671875 ]
			},
			"cuboid": [
				[ -0.45579999685287476, -2.7225000858306885, 50.835800170898438 ],
				[ 8.8273000717163086, 3.7811999320983887, 49.999298095703125 ],
				[ 3.8561999797821045, 11.084799766540527, 51.616901397705078 ],
				[ -5.4267997741699219, 4.5810999870300293, 52.453399658203125 ],
				[ 0.17100000381469727, -3.1317000389099121, 54.609401702880859 ],
				[ 9.4540004730224609, 3.371999979019165, 53.772899627685547 ],
				[ 4.4829998016357422, 10.67549991607666, 55.390499114990234 ],
				[ -4.8000998497009277, 4.1718997955322266, 56.227001190185547 ]
			],
			"projected_cuboid": [
				[ 473.11260986328125, 228.86199951171875 ],
				[ 615.617919921875, 328.09310913085938 ],
				[ 537.3878173828125, 434.96389770507813 ],
				[ 400.52490234375, 337.08929443359375 ],
				[ 482.40399169921875, 225.94940185546875 ],
				[ 615.05322265625, 318.16949462890625 ],
				[ 542.1702880859375, 418.05050659179688 ],
				[ 414.42160034179688, 326.99639892578125 ]
			]
		}
	]
}