{
	"camera_data":
	{
		"location_worldframe": [ -470.22171020507813, -474.03561401367188, 190.12519836425781 ],
		"quaternion_xyzw_worldframe": [ -0.65719997882843018, 0.06549999862909317, 0.74720001220703125, 0.074400000274181366 ]
	},
	"objects": [
		{
			"class": "008_pudding_box_16k",
			"visibility": 1,
			"location": [ -3.9865000247955322, 3.9765999317169189, 53.11309814453125 ],
			"quaternion_xyzw": [ -0.29620000720024109, 0.95010000467300415, 0.075400002300739288, -0.062199998646974564 ],
			"pose_transform_permuted": [
				[ -0.16290000081062317, 0.10639999806880951, -0.98089998960494995, 0 ],
				[ -0.81679999828338623, -0.57220000028610229, 0.073600001633167267, 0 ],
				[ 0.55349999666213989, -0.81319999694824219, -0.18009999394416809, 0 ],
				[ -3.9865000247955322, 3.9765999317169189, 53.11309814453125, 1 ]
			],
			"cuboid_centroid": [ -3.9865000247955322, 3.9765999317169189, 53.11309814453125 ],
			"projected_cuboid_centroid": [ 422.34521484375, 327.51260375976563 ],
			"bounding_box":
			{
				"top_left": [ 227.40890502929688, 315.20669555664063 ],
				"bottom_right": [ 433.61679077148438, 531.0667724609375 ]
			},
			"cuboid": [
				[ -6.4559001922607422, -2.7225000858306885, 50.835800170898438 ],
				[ 2.8271999359130859, 3.7811999320983887, 49.999298095703125 ],
				[ -2.1438999176025391, 11.084799766540527, 51.616901397705078 ],
				[ -11.426899909973145, 4.5810999870300293, 52.453399658203125 ],
				[ -5.8291997909545898, -3.1317000389099121, 54.609401702880859 ],
				[ 3.4539000988006592, 3.371999979019165, 53.772899627685547 ],
				[ -1.5171999931335449, 10.67549991607666, 55.390499114990234 ],
				[ -10.800200462341309, 4.1718997955322266, 56.227001190185547 ]
			],
			"projected_cuboid": [
				[ 382.44839477539063, 228.86199951171875 ],
				[ 523.43682861328125, 328.09310913085938 ],
				[ 448.09561157226563, 434.96389770507813 ],
				[ 312.65670776367188, 337.08929443359375 ],
				[ 398.00491333007813, 225.94940185546875 ],
				[ 529.34112548828125, 318.16949462890625 ],
				[ 458.96139526367188, 418.05050659179688 ],
				[ 332.45059204101563, 326.99639892578125 ]
			]
		}
	]
}