{
	"camera_data":
	{
		"location_worldframe": [ -469.03750610351563, -230.08590698242188, 313.79959106445313 ],
		"quaternion_xyzw_worldframe": [ -0.54890000820159912, 0.38830000162124634, 0.60430002212524414, 0.42750000953674316 ]
	},
	"objects": [
		{
			"class": "005_tomato_soup_can_16k",
			"visibility": 1,
			"location": [ -1.6144000291824341, 3.9482998847961426, 79.696998596191406 ],
			"quaternion_xyzw": [ -0.91540002822875977, -0.39489999413490295, 0.008999999612569809, -0.077299997210502625 ],
			"pose_transform_permuted": [
				[ 0.044500000774860382, -0.14859999716281891, -0.9879000186920166, 0 ],
				[ 0.68790000677108765, 0.72170001268386841, -0.077500000596046448, 0 ],
				[ -0.72450000047683716, 0.67610001564025879, -0.13439999520778656, 0 ],
				[ -1.6144000291824341, 3.9482998847961426, 79.696998596191406, 1 ]
			],
			"cuboid_centroid": [ -1.6144000291824341, 3.948199987411499, 79.696998596191406 ],
			"projected_cuboid_centroid": [ 464.44049072265625, 308.05520629882813 ],
			"bounding_box":
			{
				"top_left": [ 247.74870300292969, 403.89889526367188 ],
				"bottom_right": [ 367.65798950195313, 522.73162841796875 ]
			},
			"cuboid": [
				[ -2.8259999752044678, 9.3297004699707031, 75.40570068359375 ],
				[ -7.480100154876709, 4.4468998908996582, 75.930397033691406 ],
				[ -0.10109999775886536, -2.4393999576568604, 77.298896789550781 ],
				[ 4.5529999732971191, 2.4433999061584473, 76.774200439453125 ],
				[ -3.1275999546051025, 10.336000442504883, 82.095100402832031 ],
				[ -7.7817001342773438, 5.4531002044677734, 82.619796752929688 ],
				[ -0.40270000696182251, -1.4332000017166138, 83.9884033203125 ],
				[ 4.2513999938964844, 3.4497001171112061, 83.463699340820313 ]
			],
			"projected_cuboid": [
				[ 451.21121215820313, 365.0421142578125 ],
				[ 404.32699584960938, 314.98739624023438 ],
				[ 478.99569702148438, 245.75819396972656 ],
				[ 525.55548095703125, 294.44720458984375 ],
				[ 450.73529052734375, 366.71328735351563 ],
				[ 407.64950561523438, 320.7008056640625 ],
				[ 476.31719970703125, 256.8922119140625 ],
				[ 519.128173828125, 301.74929809570313 ]
			]
		}
	]
}