{
	"camera_data":
	{
		"location_worldframe": [ -474.6951904296875, -232.08360290527344, 313.79959106445313 ],
		"quaternion_xyzw_worldframe": [ -0.54890000820159912, 0.38830000162124634, 0.60430002212524414, 0.42750000953674316 ]
	},
	"objects": [
		{
			"class": "005_tomato_soup_can_16k",
			"visibility": 1,
			"location": [ -7.6143999099731445, 3.948199987411499, 79.697097778320313 ],
			"quaternion_xyzw": [ -0.91540002822875977, -0.39489999413490295, 0.008999999612569809, -0.077299997210502625 ],
			"pose_transform_permuted": [
				[ 0.044500000774860382, -0.14859999716281891, -0.9879000186920166, 0 ],
				[ 0.68790000677108765, 0.72170001268386841, -0.077500000596046448, 0 ],
				[ -0.72450000047683716, 0.67610001564025879, -0.13439999520778656, 0 ],
				[ -7.6143999099731445, 3.948199987411499, 79.697097778320313, 1 ]
			],
			"cuboid_centroid": [ -7.6143999099731445, 3.948199987411499, 79.697097778320313 ],
			"projected_cuboid_centroid": [ 406.60919189453125, 308.0552978515625 ],
			"bounding_box":
			{
				"top_left": [ 247.7489013671875, 344.64630126953125 ],
				"bottom_right": [ 367.65811157226563, 465.44989013671875 ]
			},
			"cuboid": [
				[ -8.8260002136230469, 9.3297004699707031, 75.40570068359375 ],
				[ -13.480099678039551, 4.4468998908996582, 75.930397033691406 ],
				[ -6.101099967956543, -2.439500093460083, 77.299003601074219 ],
				[ -1.4470000267028809, 2.4433999061584473, 76.774299621582031 ],
				[ -9.1275997161865234, 10.336000442504883, 82.095199584960938 ],
				[ -13.781700134277344, 5.4531002044677734, 82.619903564453125 ],
				[ -6.4026999473571777, -1.4332000017166138, 83.9884033203125 ],
				[ -1.7486000061035156, 3.4497001171112061, 83.463699340820313 ]
			],
			"projected_cuboid": [
				[ 390.08871459960938, 365.04229736328125 ],
				[ 343.62680053710938, 314.98748779296875 ],
				[ 419.37020874023438, 245.75830078125 ],
				[ 465.52261352539063, 294.44729614257813 ],
				[ 394.59329223632813, 366.7135009765625 ],
				[ 351.864013671875, 320.70089721679688 ],
				[ 421.44070434570313, 256.89230346679688 ],
				[ 463.90679931640625, 301.7493896484375 ]
			]
		}
	]
}