{
	"camera_data":
	{
		"location_worldframe": [ 191.59489440917969, -8.3491001129150391, 513.0264892578125 ],
		"quaternion_xyzw_worldframe": [ 0.56749999523162842, 0.25, -0.71789997816085815, 0.31619998812675476 ]
	},
	"objects": [
		{
			"class": "021_bleach_cleanser_16k",
			"visibility": 1,
			"location": [ 10.596799850463867, 4.854100227355957, 77.493896484375 ],
			"quaternion_xyzw": [ 0.12330000102519989, 0.15270000696182251, 0.38470000028610229, 0.90189999341964722 ],
			"pose_transform_permuted": [
				[ 0.37040001153945923, -0.10499999672174454, 0.92290002107620239, 0 ],
				[ 0.65740001201629639, 0.73159998655319214, -0.18060000240802765, 0 ],
				[ 0.65630000829696655, -0.67360001802444458, -0.34000000357627869, 0 ],
				[ 10.596799850463867, 4.854100227355957, 77.493896484375, 1 ]
			],
			"cuboid_centroid": [ 10.596799850463867, 4.854100227355957, 77.493896484375 ],
			"projected_cuboid_centroid": [ 585.04058837890625, 318.11700439453125 ],
			"bounding_box":
			{
				"top_left": [ 214.41510009765625, 468.70721435546875 ],
				"bottom_right": [ 427.65078735351563, 682.9415283203125 ]
			},
			"cuboid": [
				[ 23.439599990844727, -0.19349999725818634, 75.432601928710938 ],
				[ 16.706100463867188, -7.6876001358032227, 77.28289794921875 ],
				[ 0.26179999113082886, 9.1911001205444336, 85.8031005859375 ],
				[ 6.9952001571655273, 16.685199737548828, 83.952903747558594 ],
				[ 20.931800842285156, 0.51719999313354492, 69.184600830078125 ],
				[ 14.198399543762207, -6.9770002365112305, 71.034896850585938 ],
				[ -2.2460000514984131, 9.9017000198364258, 79.555099487304688 ],
				[ 4.4874000549316406, 17.395900726318359, 77.704902648925781 ]
			],
			"projected_cuboid": [
				[ 718.6942138671875, 268.03021240234375 ],
				[ 646.052001953125, 193.58819580078125 ],
				[ 482.34320068359375, 352.28408813476563 ],
				[ 544.005126953125, 422.66839599609375 ],
				[ 712.40631103515625, 275.7427978515625 ],
				[ 633.53851318359375, 194.55259704589844 ],
				[ 458.31259155273438, 365.6083984375 ],
				[ 524.36041259765625, 441.96939086914063 ]
			]
		}
	]
}