{
	"camera_data":
	{
		"location_worldframe": [ 196.02130126953125, -12.399700164794922, 513.0264892578125 ],
		"quaternion_xyzw_worldframe": [ 0.56749999523162842, 0.25, -0.71789997816085815, 0.31619998812675476 ]
	},
	"objects": [
		{
			"class": "021_bleach_cleanser_16k",
			"visibility": 1,
			"location": [ 4.5967001914978027, 4.8541998863220215, 77.493896484375 ],
			"quaternion_xyzw": [ 0.12330000102519989, 0.15270000696182251, 0.38470000028610229, 0.90189999341964722 ],
			"pose_transform_permuted": [
				[ 0.37040001153945923, -0.10499999672174454, 0.92290002107620239, 0 ],
				[ 0.65740001201629639, 0.73159998655319214, -0.18060000240802765, 0 ],
				[ 0.65630000829696655, -0.67360001802444458, -0.34000000357627869, 0 ],
				[ 4.5967001914978027, 4.8541998863220215, 77.493896484375, 1 ]
			],
			"cuboid_centroid": [ 4.5967001914978027, 4.8541998863220215, 77.493896484375 ],
			"projected_cuboid_centroid": [ 525.5654296875, 318.11700439453125 ],
			"bounding_box":
			{
				"top_left": [ 214.41510009765625, 411.473388671875 ],
				"bottom_right": [ 427.65078735351563, 620.0374755859375 ]
			},
			"cuboid": [
				[ 17.439599990844727, -0.19339999556541443, 75.432701110839844 ],
				[ 10.706100463867188, -7.6876001358032227, 77.28289794921875 ],
				[ -5.7382998466491699, 9.1911001205444336, 85.8031005859375 ],
				[ 0.99519997835159302, 16.685300827026367, 83.9530029296875 ],
				[ 14.93179988861084, 0.51730000972747803, 69.184700012207031 ],
				[ 8.1983003616333008, -6.9769001007080078, 71.034896850585938 ],
				[ -8.2461004257202148, 9.9018001556396484, 79.555099487304688 ],
				[ -1.5125999450683594, 17.395999908447266, 77.705001831054688 ]
			],
			"projected_cuboid": [
				[ 657.5938720703125, 268.03021240234375 ],
				[ 586.41448974609375, 193.58819580078125 ],
				[ 428.62759399414063, 352.28408813476563 ],
				[ 489.10580444335938, 422.66839599609375 ],
				[ 645.7880859375, 275.7427978515625 ],
				[ 568.655517578125, 194.55259704589844 ],
				[ 400.37838745117188, 365.6083984375 ],
				[ 465.04669189453125, 441.96939086914063 ]
			]
		}
	]
}