{
	"camera_data":
	{
		"location_worldframe": [ -352.101806640625, -214.15480041503906, 249.78729248046875 ],
		"quaternion_xyzw_worldframe": [ -0.60009998083114624, 0.28099998831748962, 0.67830002307891846, 0.31749999523162842 ]
	},
	"objects": [
		{
			"class": "010_potted_meat_can_16k",
			"visibility": 1,
			"location": [ -6.839900016784668, 3.4268999099731445, 132.39419555664063 ],
			"quaternion_xyzw": [ -0.063699997961521149, -0.35010001063346863, -0.9002000093460083, -0.25090000033378601 ],
			"pose_transform_permuted": [
				[ 0.29039999842643738, 0.59839999675750732, 0.7466999888420105, 0 ],
				[ -0.86599999666213989, 0.49630001187324524, -0.060899998992681503, 0 ],
				[ 0.40700000524520874, 0.62889999151229858, -0.6624000072479248, 0 ],
				[ -6.839900016784668, 3.4268999099731445, 132.39419555664063, 1 ]
			],
			"cuboid_centroid": [ -6.839900016784668, 3.4268999099731445, 132.39419555664063 ],
			"projected_cuboid_centroid": [ 440.31430053710938, 289.88330078125 ],
			"bounding_box":
			{
				"top_left": [ 252.37399291992188, 402.55029296875 ],
				"bottom_right": [ 327.40359497070313, 479.3948974609375 ]
			},
			"cuboid": [
				[ -8.7046003341674805, 10.300000190734863, 131.46830749511719 ],
				[ 0.098099999129772186, 5.2551999092102051, 132.08749389648438 ],
				[ -3.3024001121520996, 0.00079999997979030013, 137.62120056152344 ],
				[ -12.105099678039551, 5.0455999374389648, 137.00199890136719 ],
				[ -10.377499580383301, 6.8530001640319824, 127.16729736328125 ],
				[ -1.5748000144958496, 1.8083000183105469, 127.7864990234375 ],
				[ -4.9752998352050781, -3.446199893951416, 133.32020568847656 ],
				[ -13.777999877929688, 1.5986000299453735, 132.70100402832031 ]
			],
			"projected_cuboid": [
				[ 429.13980102539063, 330.18218994140625 ],
				[ 480.57049560546875, 300.56210327148438 ],
				[ 461.56710815429688, 270.00460815429688 ],
				[ 412.12759399414063, 298.29019165039063 ],
				[ 417.31439208984375, 311.39620971679688 ],
				[ 470.53369140625, 280.8699951171875 ],
				[ 451.33370971679688, 250.14419555664063 ],
				[ 400.24398803710938, 279.25390625 ]
			]
		}
	]
}