{
	"camera_data":
	{
		"location_worldframe": [ -347.493896484375, -210.31199645996094, 249.78729248046875 ],
		"quaternion_xyzw_worldframe": [ -0.60009998083114624, 0.28099998831748962, 0.67830002307891846, 0.31749999523162842 ]
	},
	"objects": [
		{
			"class": "010_potted_meat_can_16k",
			"visibility": 1,
			"location": [ -0.83990001678466797, 3.4268999099731445, 132.39430236816406 ],
			"quaternion_xyzw": [ -0.063699997961521149, -0.35010001063346863, -0.9002000093460083, -0.25090000033378601 ],
			"pose_transform_permuted": [
				[ 0.29039999842643738, 0.59839999675750732, 0.7466999888420105, 0 ],
				[ -0.86599999666213989, 0.49630001187324524, -0.060899998992681503, 0 ],
				[ 0.40700000524520874, 0.62889999151229858, -0.6624000072479248, 0 ],
				[ -0.83990001678466797, 3.4268999099731445, 132.39430236816406, 1 ]
			],
			"cuboid_centroid": [ -0.83990001678466797, 3.4268999099731445, 132.39430236816406 ],
			"projected_cuboid_centroid": [ 475.126708984375, 289.88330078125 ],
			"bounding_box":
			{
				"top_left": [ 252.37409973144531, 437.14718627929688 ],
				"bottom_right": [ 327.4036865234375, 514.52410888671875 ]
			},
			"cuboid": [
				[ -2.7046000957489014, 10.300000190734863, 131.46830749511719 ],
				[ 6.0981001853942871, 5.2551999092102051, 132.08749389648438 ],
				[ 2.6975998878479004, 0.00079999997979030013, 137.62120056152344 ],
				[ -6.105100154876709, 5.0455999374389648, 137.00210571289063 ],
				[ -4.377500057220459, 6.8530998229980469, 127.16729736328125 ],
				[ 4.4251999855041504, 1.8083000183105469, 127.7864990234375 ],
				[ 1.0247000455856323, -3.4460999965667725, 133.32020568847656 ],
				[ -7.7779998779296875, 1.5986000299453735, 132.70109558105469 ]
			],
			"projected_cuboid": [
				[ 464.19729614257813, 330.18240356445313 ],
				[ 515.46368408203125, 300.56219482421875 ],
				[ 495.05731201171875, 270.00469970703125 ],
				[ 445.76919555664063, 298.29031372070313 ],
				[ 453.55758666992188, 311.39630126953125 ],
				[ 506.60128784179688, 280.87020874023438 ],
				[ 485.90420532226563, 250.14430236816406 ],
				[ 434.97589111328125, 279.25399780273438 ]
			]
		}
	]
}